<?xml version="1.0" encoding="UTF-8"?>
<!DOCTYPE weblogic-ejb-jar PUBLIC '-//BEA Systems, Inc.//DTD WebLogic 8.1.0 EJB//EN' 'http://www.bea.com/servers/wls810/dtd/weblogic-ejb-jar.dtd'>
<weblogic-ejb-jar>
    <weblogic-enterprise-bean>
        <ejb-name>UserManager</ejb-name>
        <jndi-name>UserManager</jndi-name>
    </weblogic-enterprise-bean>
    <weblogic-enterprise-bean>
        <ejb-name>CategoryManager</ejb-name>
        <jndi-name>CategoryManager</jndi-name>
    </weblogic-enterprise-bean>
    <weblogic-enterprise-bean>
        <ejb-name>Category</ejb-name>
        <entity-descriptor>
            <persistence>
                <persistence-use>
                    <type-identifier>WebLogic_CMP_RDBMS</type-identifier>
                    <type-version>6.0</type-version>
                    <type-storage>META-INF/weblogic-cmp-rdbms-jar.xml</type-storage>
                </persistence-use>
            </persistence>
        </entity-descriptor>
        <local-jndi-name>Category</local-jndi-name>
    </weblogic-enterprise-bean>
    <weblogic-enterprise-bean>
        <ejb-name>Item</ejb-name>
        <entity-descriptor>
            <persistence>
                <persistence-use>
                    <type-identifier>WebLogic_CMP_RDBMS</type-identifier>
                    <type-version>6.0</type-version>
                    <type-storage>META-INF/weblogic-cmp-rdbms-jar.xml</type-storage>
                </persistence-use>
            </persistence>
        </entity-descriptor>
        <local-jndi-name>Item</local-jndi-name>
    </weblogic-enterprise-bean>
    <weblogic-enterprise-bean>
        <ejb-name>Users</ejb-name>
        <entity-descriptor>
            <persistence>
                <persistence-use>
                    <type-identifier>WebLogic_CMP_RDBMS</type-identifier>
                    <type-version>6.0</type-version>
                    <type-storage>META-INF/weblogic-cmp-rdbms-jar.xml</type-storage>
                </persistence-use>
            </persistence>
        </entity-descriptor>
        <local-jndi-name>Users</local-jndi-name>
    </weblogic-enterprise-bean>
    <weblogic-enterprise-bean>
        <ejb-name>Buylog</ejb-name>
        <local-jndi-name>Buylog</local-jndi-name>
    </weblogic-enterprise-bean>
</weblogic-ejb-jar>
