<?xml version="1.0" encoding="UTF-8"?>
<!DOCTYPE ejb-jar PUBLIC "-//Sun Microsystems, Inc.//DTD Enterprise JavaBeans 2.0//EN" "http://java.sun.com/dtd/ejb-jar_2_0.dtd">
<ejb-jar>
    <enterprise-beans>
        <entity>
            <display-name>Customer</display-name>
            <ejb-name>Customer</ejb-name>
            <local-home>kr.co.hanbitbook.ejb.examples.mall.CustomerHome</local-home>
            <local>kr.co.hanbitbook.ejb.examples.mall.Customer</local>
            <ejb-class>kr.co.hanbitbook.ejb.examples.mall.CustomerEJB</ejb-class>
            <persistence-type>Container</persistence-type>
            <prim-key-class>java.lang.String</prim-key-class>
            <reentrant>False</reentrant>
            <cmp-version>2.x</cmp-version>
            <abstract-schema-name>Customer</abstract-schema-name>
            <cmp-field>
                <field-name>id</field-name>
            </cmp-field>
            <cmp-field>
                <field-name>password</field-name>
            </cmp-field>
            <cmp-field>
                <field-name>name</field-name>
            </cmp-field>
            <primkey-field>id</primkey-field>
        </entity>
        <entity>
            <display-name>Interestitem</display-name>
            <ejb-name>Interestitem</ejb-name>
            <local-home>kr.co.hanbitbook.ejb.examples.mall.InterestitemHome</local-home>
            <local>kr.co.hanbitbook.ejb.examples.mall.Interestitem</local>
            <ejb-class>kr.co.hanbitbook.ejb.examples.mall.InterestitemEJB</ejb-class>
            <persistence-type>Container</persistence-type>
            <prim-key-class>java.lang.String</prim-key-class>
            <reentrant>False</reentrant>
            <cmp-version>2.x</cmp-version>
            <abstract-schema-name>Interestitem</abstract-schema-name>
            <cmp-field>
                <field-name>itemid</field-name>
            </cmp-field>
            <cmp-field>
                <field-name>itemname</field-name>
            </cmp-field>
            <primkey-field>itemid</primkey-field>
        </entity>
        <entity>
            <display-name>Selectitem</display-name>
            <ejb-name>Selectitem</ejb-name>
            <local-home>kr.co.hanbitbook.ejb.examples.mall.SelectitemHome</local-home>
            <local>kr.co.hanbitbook.ejb.examples.mall.Selectitem</local>
            <ejb-class>kr.co.hanbitbook.ejb.examples.mall.SelectitemEJB</ejb-class>
            <persistence-type>Container</persistence-type>
            <prim-key-class>java.lang.String</prim-key-class>
            <reentrant>False</reentrant>
            <cmp-version>2.x</cmp-version>
            <abstract-schema-name>Selectitem</abstract-schema-name>
            <cmp-field>
                <field-name>id</field-name>
            </cmp-field>
            <cmp-field>
                <field-name>itemid</field-name>
            </cmp-field>
            <cmp-field>
                <field-name>itemname</field-name>
            </cmp-field>
            <primkey-field>id</primkey-field>
        </entity>
        <entity>
            <display-name>Moreinfo</display-name>
            <ejb-name>Moreinfo</ejb-name>
            <local-home>kr.co.hanbitbook.ejb.examples.mall.MoreinfoHome</local-home>
            <local>kr.co.hanbitbook.ejb.examples.mall.Moreinfo</local>
            <ejb-class>kr.co.hanbitbook.ejb.examples.mall.MoreinfoEJB</ejb-class>
            <persistence-type>Container</persistence-type>
            <prim-key-class>java.lang.String</prim-key-class>
            <reentrant>False</reentrant>
            <cmp-version>2.x</cmp-version>
            <abstract-schema-name>Moreinfo</abstract-schema-name>
            <cmp-field>
                <field-name>id</field-name>
            </cmp-field>
            <cmp-field>
                <field-name>point</field-name>
            </cmp-field>
            <primkey-field>id</primkey-field>
        </entity>
    </enterprise-beans>
    <relationships>
        <ejb-relation>
            <ejb-relation-name>customer-selectitem</ejb-relation-name>
            <ejb-relationship-role>
                <description>customer</description>
                <ejb-relationship-role-name>CustomerRelationshipRole</ejb-relationship-role-name>
                <multiplicity>One</multiplicity>
                <relationship-role-source>
                    <description>customer</description>
                    <ejb-name>Customer</ejb-name>
                </relationship-role-source>
                <cmr-field>
                    <description>selectitem</description>
                    <cmr-field-name>selectitem</cmr-field-name>
                    <cmr-field-type>java.util.Collection</cmr-field-type>
                </cmr-field>
            </ejb-relationship-role>
            <ejb-relationship-role>
                <description>selectitem</description>
                <ejb-relationship-role-name>SelectitemRelationshipRole</ejb-relationship-role-name>
                <multiplicity>Many</multiplicity>
                <relationship-role-source>
                    <description>selectitem</description>
                    <ejb-name>Selectitem</ejb-name>
                </relationship-role-source>
                <cmr-field>
                    <description>customer</description>
                    <cmr-field-name>customer</cmr-field-name>
                </cmr-field>
            </ejb-relationship-role>
        </ejb-relation>
        <ejb-relation>
            <ejb-relation-name>customer-moreinfo</ejb-relation-name>
            <ejb-relationship-role>
                <description>customer</description>
                <ejb-relationship-role-name>CustomerRelationshipRole</ejb-relationship-role-name>
                <multiplicity>One</multiplicity>
                <relationship-role-source>
                    <description>customer</description>
                    <ejb-name>Customer</ejb-name>
                </relationship-role-source>
                <cmr-field>
                    <description>moreinfo</description>
                    <cmr-field-name>moreinfo</cmr-field-name>
                </cmr-field>
            </ejb-relationship-role>
            <ejb-relationship-role>
                <description>moreinfo</description>
                <ejb-relationship-role-name>MoreinfoRelationshipRole</ejb-relationship-role-name>
                <multiplicity>One</multiplicity>
                <relationship-role-source>
                    <description>moreinfo</description>
                    <ejb-name>Moreinfo</ejb-name>
                </relationship-role-source>
                <cmr-field>
                    <description>customer</description>
                    <cmr-field-name>customer</cmr-field-name>
                </cmr-field>
            </ejb-relationship-role>
        </ejb-relation>
        <ejb-relation>
            <ejb-relation-name>customer-interestitem</ejb-relation-name>
            <ejb-relationship-role>
                <description>customer</description>
                <ejb-relationship-role-name>CustomerRelationshipRole</ejb-relationship-role-name>
                <multiplicity>Many</multiplicity>
                <relationship-role-source>
                    <description>customer</description>
                    <ejb-name>Customer</ejb-name>
                </relationship-role-source>
                <cmr-field>
                    <description>interestitem</description>
                    <cmr-field-name>interestitem</cmr-field-name>
                    <cmr-field-type>java.util.Collection</cmr-field-type>
                </cmr-field>
            </ejb-relationship-role>
            <ejb-relationship-role>
                <description>interestitem</description>
                <ejb-relationship-role-name>InterestitemRelationshipRole</ejb-relationship-role-name>
                <multiplicity>Many</multiplicity>
                <relationship-role-source>
                    <description>interestitem</description>
                    <ejb-name>Interestitem</ejb-name>
                </relationship-role-source>
                <cmr-field>
                    <description>customer</description>
                    <cmr-field-name>customer</cmr-field-name>
                    <cmr-field-type>java.util.Collection</cmr-field-type>
                </cmr-field>
            </ejb-relationship-role>
        </ejb-relation>
    </relationships>
    <assembly-descriptor>
        <container-transaction>
            <method>
                <ejb-name>Customer</ejb-name>
                <method-name>*</method-name>
            </method>
            <trans-attribute>Required</trans-attribute>
        </container-transaction>
        <container-transaction>
            <method>
                <ejb-name>Interestitem</ejb-name>
                <method-name>*</method-name>
            </method>
            <trans-attribute>Required</trans-attribute>
        </container-transaction>
        <container-transaction>
            <method>
                <ejb-name>Selectitem</ejb-name>
                <method-name>*</method-name>
            </method>
            <trans-attribute>Required</trans-attribute>
        </container-transaction>
        <container-transaction>
            <method>
                <ejb-name>Moreinfo</ejb-name>
                <method-name>*</method-name>
            </method>
            <trans-attribute>Required</trans-attribute>
        </container-transaction>
    </assembly-descriptor>
</ejb-jar>